filepath,filename,extension,label,consider_flag,filesize,imports_map
/Users/avinaash/Documents/PersonalProjects/Hacks/fluffyMigrate/repos/ed59ab8a-de9f-4f0b-9e06-3e6b0065b2a2/app.profile,app,.profile,Other,False,1588516,
/Users/avinaash/Documents/PersonalProjects/Hacks/fluffyMigrate/repos/ed59ab8a-de9f-4f0b-9e06-3e6b0065b2a2/.DS_Store,.DS_Store,,Other,False,6148,
/Users/avinaash/Documents/PersonalProjects/Hacks/fluffyMigrate/repos/ed59ab8a-de9f-4f0b-9e06-3e6b0065b2a2/requirements.txt,requirements,.txt,Dependency Management,False,2384,
/Users/avinaash/Documents/PersonalProjects/Hacks/fluffyMigrate/repos/ed59ab8a-de9f-4f0b-9e06-3e6b0065b2a2/.gitignore,.gitignore,,Other,False,283,
/Users/avinaash/Documents/PersonalProjects/Hacks/fluffyMigrate/repos/ed59ab8a-de9f-4f0b-9e06-3e6b0065b2a2/app.py,app,.py,Code,True,12784,"[{'alias': '', 'module': 'flask', 'functions': 'Flask, request, jsonify', 'importpath': 'flask/Flask, request, jsonify', 'codeline': 'from flask import Flask, request, jsonify', 'import_path_clean': '', 'import_type': 'Other Imports'}, {'alias': '', 'module': 'celery', 'functions': 'Celery, chain, group', 'importpath': 'celery/Celery, chain, group', 'codeline': 'from celery import Celery, chain, group', 'import_path_clean': '', 'import_type': 'Other Imports'}, {'alias': '', 'module': 'os', 'functions': '', 'importpath': 'os', 'codeline': 'import os', 'import_path_clean': '', 'import_type': 'Python Std Lib'}, {'alias': '', 'module': 'scripts', 'functions': 'ingest_repo, ingest_docs, compile_commit_history, compile_file_docs, compile_downloaded_docs, compile_imports_map, compile_dependancy_map, compile_repo_code, upsert_FluffyContextDocs, upsert_RepoDocs, upsert_FluffyContextDownloads, upsert_FluffyContextCommitHistory, upsert_FluffyContextCode, upsert_RepoMasterDocs, delete_entries_by_git_url, user_query_rewriter, retreive_docs, prompt_downloadLinks, prompt_documentation, prompt_code, prompt_retreival, # Status update related imports dbops_helper_get_github_repo_info, dbops_initialize_db, dbops_create_first_entry, dbops_get_ingestion_status, dbops_update_task_status, dbops_bulk_retrieve_repos, dbops_delete_all_entries, dbops_get_all_ingestion_status', 'importpath': 'scripts/ingest_repo, ingest_docs, compile_commit_history, compile_file_docs, compile_downloaded_docs, compile_imports_map, compile_dependancy_map, compile_repo_code, upsert_FluffyContextDocs, upsert_RepoDocs, upsert_FluffyContextDownloads, upsert_FluffyContextCommitHistory, upsert_FluffyContextCode, upsert_RepoMasterDocs, delete_entries_by_git_url, user_query_rewriter, retreive_docs, prompt_downloadLinks, prompt_documentation, prompt_code, prompt_retreival, # Status update related imports dbops_helper_get_github_repo_info, dbops_initialize_db, dbops_create_first_entry, dbops_get_ingestion_status, dbops_update_task_status, dbops_bulk_retrieve_repos, dbops_delete_all_entries, dbops_get_all_ingestion_status', 'codeline': 'from scripts import ingest_repo, ingest_docs, compile_commit_history, compile_file_docs, compile_downloaded_docs, compile_imports_map, compile_dependancy_map, compile_repo_code, upsert_FluffyContextDocs, upsert_RepoDocs, upsert_FluffyContextDownloads, upsert_FluffyContextCommitHistory, upsert_FluffyContextCode, upsert_RepoMasterDocs, delete_entries_by_git_url, user_query_rewriter, retreive_docs, prompt_downloadLinks, prompt_documentation, prompt_code, prompt_retreival, # Status update related imports dbops_helper_get_github_repo_info, dbops_initialize_db, dbops_create_first_entry, dbops_get_ingestion_status, dbops_update_task_status, dbops_bulk_retrieve_repos, dbops_delete_all_entries, dbops_get_all_ingestion_status', 'import_path_clean': 'scripts/__init__.py', 'import_type': 'Init.py imports'}, {'alias': '', 'module': 'scripts.utils', 'functions': 'retreive_file_contents, send_email_to_admin', 'importpath': 'scripts/utils/retreive_file_contents, send_email_to_admin', 'codeline': 'from scripts.utils import retreive_file_contents, send_email_to_admin', 'import_path_clean': 'scripts/utils.py', 'import_type': 'Entity within Python File Import'}, {'alias': '', 'module': 'scripts.retreival.retreivalpipeline', 'functions': 'retreive_docs_test', 'importpath': 'scripts/retreival/retreivalpipeline/retreive_docs_test', 'codeline': 'from scripts.retreival.retreivalpipeline import retreive_docs_test', 'import_path_clean': 'scripts/retreival/retreivalpipeline.py', 'import_type': 'Entity within Python File Import'}, {'alias': '', 'module': 'weaviate', 'functions': '', 'importpath': 'weaviate', 'codeline': 'import weaviate', 'import_path_clean': '', 'import_type': 'Other Imports'}, {'alias': '', 'module': 'concurrent.futures', 'functions': 'ThreadPoolExecutor, as_completed', 'importpath': 'concurrent/futures/ThreadPoolExecutor, as_completed', 'codeline': 'from concurrent.futures import ThreadPoolExecutor, as_completed', 'import_path_clean': '', 'import_type': 'Other Imports'}, {'alias': '', 'module': 'dotenv', 'functions': 'load_dotenv', 'importpath': 'dotenv/load_dotenv', 'codeline': 'from dotenv import load_dotenv', 'import_path_clean': '', 'import_type': 'Other Imports'}]"
/Users/avinaash/Documents/PersonalProjects/Hacks/fluffyMigrate/repos/ed59ab8a-de9f-4f0b-9e06-3e6b0065b2a2/scripts/.DS_Store,.DS_Store,,Other,False,6148,
/Users/avinaash/Documents/PersonalProjects/Hacks/fluffyMigrate/repos/ed59ab8a-de9f-4f0b-9e06-3e6b0065b2a2/scripts/__init__.py,__init__,.py,Code,True,1106,"[{'alias': '', 'module': '.dataingestion', 'functions': 'ingest_repo, ingest_docs, update_downloaded_sites, move_downloaded_site', 'importpath': '/Users/avinaash/Documents/PersonalProjects/Hacks/fluffyMigrate/repos/ed59ab8a-de9f-4f0b-9e06-3e6b0065b2a2/scripts/dataingestion/ingest_repo, ingest_docs, update_downloaded_sites, move_downloaded_site', 'codeline': 'from .dataingestion import ingest_repo, ingest_docs, update_downloaded_sites, move_downloaded_site', 'import_path_clean': '/Users/avinaash/Documents/PersonalProjects/Hacks/fluffyMigrate/repos/ed59ab8a-de9f-4f0b-9e06-3e6b0065b2a2/scripts/dataingestion/__init__.py', 'import_type': 'Init.py imports'}, {'alias': '', 'module': '.customloaders', 'functions': 'file_doc_loader, WebDocsLoader, web_docs_loader, master_docs_loader', 'importpath': '/Users/avinaash/Documents/PersonalProjects/Hacks/fluffyMigrate/repos/ed59ab8a-de9f-4f0b-9e06-3e6b0065b2a2/scripts/customloaders/file_doc_loader, WebDocsLoader, web_docs_loader, master_docs_loader', 'codeline': 'from .customloaders import file_doc_loader, WebDocsLoader, web_docs_loader, master_docs_loader', 'import_path_clean': '/Users/avinaash/Documents/PersonalProjects/Hacks/fluffyMigrate/repos/ed59ab8a-de9f-4f0b-9e06-3e6b0065b2a2/scripts/customloaders/__init__.py', 'import_type': 'Init.py imports'}, {'alias': '', 'module': '.fluffycontext', 'functions': 'compile_commit_history, compile_file_docs, compile_downloaded_docs, compile_repo_code', 'importpath': '/Users/avinaash/Documents/PersonalProjects/Hacks/fluffyMigrate/repos/ed59ab8a-de9f-4f0b-9e06-3e6b0065b2a2/scripts/fluffycontext/compile_commit_history, compile_file_docs, compile_downloaded_docs, compile_repo_code', 'codeline': 'from .fluffycontext import compile_commit_history, compile_file_docs, compile_downloaded_docs, compile_repo_code', 'import_path_clean': '/Users/avinaash/Documents/PersonalProjects/Hacks/fluffyMigrate/repos/ed59ab8a-de9f-4f0b-9e06-3e6b0065b2a2/scripts/fluffycontext/__init__.py', 'import_type': 'Init.py imports'}, {'alias': '', 'module': '.parsers', 'functions': 'JavaScriptParser, PythonParser, python_imports_mapper, js_imports_mapper, python_init_to_filemapper, compile_imports_map, compile_dependancy_map', 'importpath': '/Users/avinaash/Documents/PersonalProjects/Hacks/fluffyMigrate/repos/ed59ab8a-de9f-4f0b-9e06-3e6b0065b2a2/scripts/parsers/JavaScriptParser, PythonParser, python_imports_mapper, js_imports_mapper, python_init_to_filemapper, compile_imports_map, compile_dependancy_map', 'codeline': 'from .parsers import JavaScriptParser, PythonParser, python_imports_mapper, js_imports_mapper, python_init_to_filemapper, compile_imports_map, compile_dependancy_map', 'import_path_clean': '/Users/avinaash/Documents/PersonalProjects/Hacks/fluffyMigrate/repos/ed59ab8a-de9f-4f0b-9e06-3e6b0065b2a2/scripts/parsers/__init__.py', 'import_type': 'Init.py imports'}, {'alias': '', 'module': '.dataupsert', 'functions': 'upsert_FluffyContextDocs, upsert_RepoDocs, upsert_FluffyContextDownloads, upsert_FluffyContextCommitHistory, upsert_FluffyContextCode, delete_entries_by_git_url,upsert_RepoMasterDocs', 'importpath': '/Users/avinaash/Documents/PersonalProjects/Hacks/fluffyMigrate/repos/ed59ab8a-de9f-4f0b-9e06-3e6b0065b2a2/scripts/dataupsert/upsert_FluffyContextDocs, upsert_RepoDocs, upsert_FluffyContextDownloads, upsert_FluffyContextCommitHistory, upsert_FluffyContextCode, delete_entries_by_git_url,upsert_RepoMasterDocs', 'codeline': 'from .dataupsert import upsert_FluffyContextDocs, upsert_RepoDocs, upsert_FluffyContextDownloads, upsert_FluffyContextCommitHistory, upsert_FluffyContextCode, delete_entries_by_git_url,upsert_RepoMasterDocs', 'import_path_clean': '/Users/avinaash/Documents/PersonalProjects/Hacks/fluffyMigrate/repos/ed59ab8a-de9f-4f0b-9e06-3e6b0065b2a2/scripts/dataupsert/__init__.py', 'import_type': 'Init.py imports'}, {'alias': '', 'module': '.taskstatus', 'functions': 'dbops_helper_get_github_repo_info, dbops_initialize_db, dbops_create_first_entry, dbops_get_ingestion_status, dbops_update_task_status, dbops_bulk_retrieve_repos, dbops_delete_all_entries, dbops_get_all_ingestion_status', 'importpath': '/Users/avinaash/Documents/PersonalProjects/Hacks/fluffyMigrate/repos/ed59ab8a-de9f-4f0b-9e06-3e6b0065b2a2/scripts/taskstatus/dbops_helper_get_github_repo_info, dbops_initialize_db, dbops_create_first_entry, dbops_get_ingestion_status, dbops_update_task_status, dbops_bulk_retrieve_repos, dbops_delete_all_entries, dbops_get_all_ingestion_status', 'codeline': 'from .taskstatus import dbops_helper_get_github_repo_info, dbops_initialize_db, dbops_create_first_entry, dbops_get_ingestion_status, dbops_update_task_status, dbops_bulk_retrieve_repos, dbops_delete_all_entries, dbops_get_all_ingestion_status', 'import_path_clean': '/Users/avinaash/Documents/PersonalProjects/Hacks/fluffyMigrate/repos/ed59ab8a-de9f-4f0b-9e06-3e6b0065b2a2/scripts/taskstatus/__init__.py', 'import_type': 'Init.py imports'}, {'alias': '', 'module': '.retreival', 'functions': 'user_query_rewriter, retreive_docs, prompt_downloadLinks, prompt_documentation, prompt_code, prompt_retreival', 'importpath': '/Users/avinaash/Documents/PersonalProjects/Hacks/fluffyMigrate/repos/ed59ab8a-de9f-4f0b-9e06-3e6b0065b2a2/scripts/retreival/user_query_rewriter, retreive_docs, prompt_downloadLinks, prompt_documentation, prompt_code, prompt_retreival', 'codeline': 'from .retreival import user_query_rewriter, retreive_docs, prompt_downloadLinks, prompt_documentation, prompt_code, prompt_retreival', 'import_path_clean': '/Users/avinaash/Documents/PersonalProjects/Hacks/fluffyMigrate/repos/ed59ab8a-de9f-4f0b-9e06-3e6b0065b2a2/scripts/retreival/__init__.py', 'import_type': 'Init.py imports'}]"
/Users/avinaash/Documents/PersonalProjects/Hacks/fluffyMigrate/repos/ed59ab8a-de9f-4f0b-9e06-3e6b0065b2a2/scripts/utils.py,utils,.py,Code,True,5689,"[{'alias': '', 'module': 'os', 'functions': '', 'importpath': 'os', 'codeline': 'import os', 'import_path_clean': '', 'import_type': 'Python Std Lib'}, {'alias': '', 'module': 'pathlib', 'functions': 'Path', 'importpath': 'pathlib/Path', 'codeline': 'from pathlib import Path', 'import_path_clean': '', 'import_type': 'Python Std Lib'}, {'alias': '', 'module': 'urllib.parse', 'functions': 'urlparse', 'importpath': 'urllib/parse/urlparse', 'codeline': 'from urllib.parse import urlparse', 'import_path_clean': '', 'import_type': 'Other Imports'}, {'alias': '', 'module': 'hashlib', 'functions': '', 'importpath': 'hashlib', 'codeline': 'import hashlib', 'import_path_clean': '', 'import_type': 'Python Std Lib'}, {'alias': '', 'module': 'json', 'functions': '', 'importpath': 'json', 'codeline': 'import json', 'import_path_clean': '', 'import_type': 'Python Std Lib'}, {'alias': '', 'module': 'datetime', 'functions': 'datetime', 'importpath': 'datetime/datetime', 'codeline': 'from datetime import datetime', 'import_path_clean': '', 'import_type': 'Python Std Lib'}, {'alias': '', 'module': 'logging', 'functions': '', 'importpath': 'logging', 'codeline': 'import logging', 'import_path_clean': '', 'import_type': 'Python Std Lib'}, {'alias': '', 'module': 'resend', 'functions': '', 'importpath': 'resend', 'codeline': 'import resend', 'import_path_clean': '', 'import_type': 'Other Imports'}]"
/Users/avinaash/Documents/PersonalProjects/Hacks/fluffyMigrate/repos/ed59ab8a-de9f-4f0b-9e06-3e6b0065b2a2/scripts/dataupsert/__init__.py,__init__,.py,Code,True,209,"[{'alias': '', 'module': '.upserthelpers', 'functions': 'upsert_FluffyContextDocs, upsert_RepoDocs, upsert_FluffyContextDownloads, upsert_FluffyContextCommitHistory, upsert_FluffyContextCode, delete_entries_by_git_url,upsert_RepoMasterDocs', 'importpath': '/Users/avinaash/Documents/PersonalProjects/Hacks/fluffyMigrate/repos/ed59ab8a-de9f-4f0b-9e06-3e6b0065b2a2/scripts/dataupsert/upserthelpers/upsert_FluffyContextDocs, upsert_RepoDocs, upsert_FluffyContextDownloads, upsert_FluffyContextCommitHistory, upsert_FluffyContextCode, delete_entries_by_git_url,upsert_RepoMasterDocs', 'codeline': 'from .upserthelpers import upsert_FluffyContextDocs, upsert_RepoDocs, upsert_FluffyContextDownloads, upsert_FluffyContextCommitHistory, upsert_FluffyContextCode, delete_entries_by_git_url,upsert_RepoMasterDocs', 'import_path_clean': '/Users/avinaash/Documents/PersonalProjects/Hacks/fluffyMigrate/repos/ed59ab8a-de9f-4f0b-9e06-3e6b0065b2a2/scripts/dataupsert/upserthelpers.py', 'import_type': 'Entity within Python File Import'}]"
/Users/avinaash/Documents/PersonalProjects/Hacks/fluffyMigrate/repos/ed59ab8a-de9f-4f0b-9e06-3e6b0065b2a2/scripts/dataupsert/upserthelpers.py,upserthelpers,.py,Code,True,20109,"[{'alias': '', 'module': '..utils', 'functions': 'get_current_time_formatted, get_repo_name, doc_type_classifier,get_repo_fluffycontext_path, get_repo_dependencies_path, current_script_dir', 'importpath': '/Users/avinaash/Documents/PersonalProjects/Hacks/fluffyMigrate/repos/ed59ab8a-de9f-4f0b-9e06-3e6b0065b2a2/scripts/utils/get_current_time_formatted, get_repo_name, doc_type_classifier,get_repo_fluffycontext_path, get_repo_dependencies_path, current_script_dir', 'codeline': 'from ..utils import get_current_time_formatted, get_repo_name, doc_type_classifier,get_repo_fluffycontext_path, get_repo_dependencies_path, current_script_dir', 'import_path_clean': '/Users/avinaash/Documents/PersonalProjects/Hacks/fluffyMigrate/repos/ed59ab8a-de9f-4f0b-9e06-3e6b0065b2a2/scripts/utils.py', 'import_type': 'Entity within Python File Import'}, {'alias': 'pd', 'module': 'pandas', 'functions': '', 'importpath': 'pandas', 'codeline': 'import pandas as pd', 'import_path_clean': '', 'import_type': 'Other Imports'}, {'alias': '', 'module': 'scripts', 'functions': 'file_doc_loader, web_docs_loader, master_docs_loader', 'importpath': 'scripts/file_doc_loader, web_docs_loader, master_docs_loader', 'codeline': 'from scripts import file_doc_loader, web_docs_loader, master_docs_loader', 'import_path_clean': 'scripts/__init__.py', 'import_type': 'Init.py imports'}, {'alias': '', 'module': 'pathlib', 'functions': 'Path', 'importpath': 'pathlib/Path', 'codeline': 'from pathlib import Path', 'import_path_clean': '', 'import_type': 'Python Std Lib'}, {'alias': '', 'module': 'logging', 'functions': '', 'importpath': 'logging', 'codeline': 'import logging', 'import_path_clean': '', 'import_type': 'Python Std Lib'}]"
/Users/avinaash/Documents/PersonalProjects/Hacks/fluffyMigrate/repos/ed59ab8a-de9f-4f0b-9e06-3e6b0065b2a2/scripts/fluffycontext/.DS_Store,.DS_Store,,Other,False,6148,
/Users/avinaash/Documents/PersonalProjects/Hacks/fluffyMigrate/repos/ed59ab8a-de9f-4f0b-9e06-3e6b0065b2a2/scripts/fluffycontext/repodocs.py,repodocs,.py,Code,True,22809,"[{'alias': '', 'module': 're', 'functions': '', 'importpath': 're', 'codeline': 'import re', 'import_path_clean': '', 'import_type': 'Python Std Lib'}, {'alias': '', 'module': 'subprocess', 'functions': '', 'importpath': 'subprocess', 'codeline': 'import subprocess', 'import_path_clean': '', 'import_type': 'Python Std Lib'}, {'alias': '', 'module': 'bs4', 'functions': 'BeautifulSoup', 'importpath': 'bs4/BeautifulSoup', 'codeline': 'from bs4 import BeautifulSoup', 'import_path_clean': '', 'import_type': 'Other Imports'}, {'alias': '', 'module': 'markdown', 'functions': '', 'importpath': 'markdown', 'codeline': 'import markdown', 'import_path_clean': '', 'import_type': 'Other Imports'}, {'alias': '', 'module': 'logging', 'functions': '', 'importpath': 'logging', 'codeline': 'import logging', 'import_path_clean': '', 'import_type': 'Python Std Lib'}, {'alias': 'pd', 'module': 'pandas', 'functions': '', 'importpath': 'pandas', 'codeline': 'import pandas as pd', 'import_path_clean': '', 'import_type': 'Other Imports'}, {'alias': '', 'module': '..utils', 'functions': 'get_repo_fluffycontext_path, get_repo_dependencies_path, get_repo_name, safe_folder_name_url, current_script_dir, get_masterList_path, get_masterDocs_path, get_masterDocsDirectory_path,get_repo_shortname', 'importpath': '/Users/avinaash/Documents/PersonalProjects/Hacks/fluffyMigrate/repos/ed59ab8a-de9f-4f0b-9e06-3e6b0065b2a2/scripts/utils/get_repo_fluffycontext_path, get_repo_dependencies_path, get_repo_name, safe_folder_name_url, current_script_dir, get_masterList_path, get_masterDocs_path, get_masterDocsDirectory_path,get_repo_shortname', 'codeline': 'from ..utils import get_repo_fluffycontext_path, get_repo_dependencies_path, get_repo_name, safe_folder_name_url, current_script_dir, get_masterList_path, get_masterDocs_path, get_masterDocsDirectory_path,get_repo_shortname', 'import_path_clean': '/Users/avinaash/Documents/PersonalProjects/Hacks/fluffyMigrate/repos/ed59ab8a-de9f-4f0b-9e06-3e6b0065b2a2/scripts/utils.py', 'import_type': 'Entity within Python File Import'}, {'alias': '', 'module': 'tiktoken', 'functions': '', 'importpath': 'tiktoken', 'codeline': 'import tiktoken', 'import_path_clean': '', 'import_type': 'Other Imports'}, {'alias': '', 'module': 'pathlib', 'functions': 'Path', 'importpath': 'pathlib/Path', 'codeline': 'from pathlib import Path', 'import_path_clean': '', 'import_type': 'Python Std Lib'}, {'alias': '', 'module': 'langchain.text_splitter', 'functions': 'RecursiveCharacterTextSplitter', 'importpath': 'langchain/text_splitter/RecursiveCharacterTextSplitter', 'codeline': 'from langchain.text_splitter import RecursiveCharacterTextSplitter', 'import_path_clean': '', 'import_type': 'Other Imports'}, {'alias': '', 'module': 'time', 'functions': '', 'importpath': 'time', 'codeline': 'import time', 'import_path_clean': '', 'import_type': 'Python Std Lib'}, {'alias': '', 'module': 'openai', 'functions': '', 'importpath': 'openai', 'codeline': 'import openai', 'import_path_clean': '', 'import_type': 'Other Imports'}, {'alias': 'gd', 'module': 'guardrails', 'functions': '', 'importpath': 'guardrails', 'codeline': 'import guardrails as gd', 'import_path_clean': '', 'import_type': 'Other Imports'}, {'alias': '', 'module': 'ast', 'functions': '', 'importpath': 'ast', 'codeline': 'import ast', 'import_path_clean': '', 'import_type': 'Python Std Lib'}, {'alias': '', 'module': 'os', 'functions': '', 'importpath': 'os', 'codeline': 'import os', 'import_path_clean': '', 'import_type': 'Python Std Lib'}, {'alias': '', 'module': 'json', 'functions': '', 'importpath': 'json', 'codeline': 'import json', 'import_path_clean': '', 'import_type': 'Python Std Lib'}]"
/Users/avinaash/Documents/PersonalProjects/Hacks/fluffyMigrate/repos/ed59ab8a-de9f-4f0b-9e06-3e6b0065b2a2/scripts/fluffycontext/repocode.py,repocode,.py,Code,True,11052,"[{'alias': '', 'module': 'pathlib', 'functions': 'Path', 'importpath': 'pathlib/Path', 'codeline': 'from pathlib import Path', 'import_path_clean': '', 'import_type': 'Python Std Lib'}, {'alias': 'pd', 'module': 'pandas', 'functions': '', 'importpath': 'pandas', 'codeline': 'import pandas as pd', 'import_path_clean': '', 'import_type': 'Other Imports'}, {'alias': '', 'module': 'collections', 'functions': 'defaultdict', 'importpath': 'collections/defaultdict', 'codeline': 'from collections import defaultdict', 'import_path_clean': '', 'import_type': 'Python Std Lib'}, {'alias': '', 'module': 'ast', 'functions': '', 'importpath': 'ast', 'codeline': 'import ast', 'import_path_clean': '', 'import_type': 'Python Std Lib'}, {'alias': '', 'module': '..utils', 'functions': 'get_repo_dependencies_path,current_script_dir,get_repo_fluffycontext_path,retreive_file_contents', 'importpath': '/Users/avinaash/Documents/PersonalProjects/Hacks/fluffyMigrate/repos/ed59ab8a-de9f-4f0b-9e06-3e6b0065b2a2/scripts/utils/get_repo_dependencies_path,current_script_dir,get_repo_fluffycontext_path,retreive_file_contents', 'codeline': 'from ..utils import get_repo_dependencies_path,current_script_dir,get_repo_fluffycontext_path,retreive_file_contents', 'import_path_clean': '/Users/avinaash/Documents/PersonalProjects/Hacks/fluffyMigrate/repos/ed59ab8a-de9f-4f0b-9e06-3e6b0065b2a2/scripts/utils.py', 'import_type': 'Entity within Python File Import'}, {'alias': '', 'module': 'logging', 'functions': '', 'importpath': 'logging', 'codeline': 'import logging', 'import_path_clean': '', 'import_type': 'Python Std Lib'}, {'alias': '', 'module': 'os', 'functions': '', 'importpath': 'os', 'codeline': 'import os', 'import_path_clean': '', 'import_type': 'Python Std Lib'}, {'alias': '', 'module': 'dotenv', 'functions': 'load_dotenv', 'importpath': 'dotenv/load_dotenv', 'codeline': 'from dotenv import load_dotenv', 'import_path_clean': '', 'import_type': 'Other Imports'}, {'alias': '', 'module': 'openai', 'functions': '', 'importpath': 'openai', 'codeline': 'import openai', 'import_path_clean': '', 'import_type': 'Other Imports'}]"
/Users/avinaash/Documents/PersonalProjects/Hacks/fluffyMigrate/repos/ed59ab8a-de9f-4f0b-9e06-3e6b0065b2a2/scripts/fluffycontext/__init__.py,__init__,.py,Code,True,151,"[{'alias': '', 'module': '.repochanges', 'functions': 'compile_commit_history', 'importpath': '/Users/avinaash/Documents/PersonalProjects/Hacks/fluffyMigrate/repos/ed59ab8a-de9f-4f0b-9e06-3e6b0065b2a2/scripts/fluffycontext/repochanges/compile_commit_history', 'codeline': 'from .repochanges import compile_commit_history', 'import_path_clean': '/Users/avinaash/Documents/PersonalProjects/Hacks/fluffyMigrate/repos/ed59ab8a-de9f-4f0b-9e06-3e6b0065b2a2/scripts/fluffycontext/repochanges.py', 'import_type': 'Entity within Python File Import'}, {'alias': '', 'module': '.repodocs', 'functions': 'compile_file_docs,compile_downloaded_docs', 'importpath': '/Users/avinaash/Documents/PersonalProjects/Hacks/fluffyMigrate/repos/ed59ab8a-de9f-4f0b-9e06-3e6b0065b2a2/scripts/fluffycontext/repodocs/compile_file_docs,compile_downloaded_docs', 'codeline': 'from .repodocs import compile_file_docs,compile_downloaded_docs', 'import_path_clean': '/Users/avinaash/Documents/PersonalProjects/Hacks/fluffyMigrate/repos/ed59ab8a-de9f-4f0b-9e06-3e6b0065b2a2/scripts/fluffycontext/repodocs.py', 'import_type': 'Entity within Python File Import'}, {'alias': '', 'module': '.repocode', 'functions': 'compile_repo_code', 'importpath': '/Users/avinaash/Documents/PersonalProjects/Hacks/fluffyMigrate/repos/ed59ab8a-de9f-4f0b-9e06-3e6b0065b2a2/scripts/fluffycontext/repocode/compile_repo_code', 'codeline': 'from .repocode import compile_repo_code', 'import_path_clean': '/Users/avinaash/Documents/PersonalProjects/Hacks/fluffyMigrate/repos/ed59ab8a-de9f-4f0b-9e06-3e6b0065b2a2/scripts/fluffycontext/repocode.py', 'import_type': 'Entity within Python File Import'}]"
/Users/avinaash/Documents/PersonalProjects/Hacks/fluffyMigrate/repos/ed59ab8a-de9f-4f0b-9e06-3e6b0065b2a2/scripts/fluffycontext/repochanges.py,repochanges,.py,Code,True,10852,"[{'alias': '', 'module': 'git', 'functions': '', 'importpath': 'git', 'codeline': 'import git', 'import_path_clean': '', 'import_type': 'Other Imports'}, {'alias': '', 'module': 're', 'functions': '', 'importpath': 're', 'codeline': 'import re', 'import_path_clean': '', 'import_type': 'Python Std Lib'}, {'alias': '', 'module': 'datetime', 'functions': '', 'importpath': 'datetime', 'codeline': 'import datetime', 'import_path_clean': '', 'import_type': 'Python Std Lib'}, {'alias': '', 'module': '..utils', 'functions': 'get_repo_code_path,get_repo_dependencies_path, current_script_dir, retreive_file_contents', 'importpath': '/Users/avinaash/Documents/PersonalProjects/Hacks/fluffyMigrate/repos/ed59ab8a-de9f-4f0b-9e06-3e6b0065b2a2/scripts/utils/get_repo_code_path,get_repo_dependencies_path, current_script_dir, retreive_file_contents', 'codeline': 'from ..utils import get_repo_code_path,get_repo_dependencies_path, current_script_dir, retreive_file_contents', 'import_path_clean': '/Users/avinaash/Documents/PersonalProjects/Hacks/fluffyMigrate/repos/ed59ab8a-de9f-4f0b-9e06-3e6b0065b2a2/scripts/utils.py', 'import_type': 'Entity within Python File Import'}, {'alias': '', 'module': 'openai', 'functions': '', 'importpath': 'openai', 'codeline': 'import openai', 'import_path_clean': '', 'import_type': 'Other Imports'}, {'alias': '', 'module': 'pathlib', 'functions': 'Path', 'importpath': 'pathlib/Path', 'codeline': 'from pathlib import Path', 'import_path_clean': '', 'import_type': 'Python Std Lib'}, {'alias': '', 'module': 'csv', 'functions': '', 'importpath': 'csv', 'codeline': 'import csv', 'import_path_clean': '', 'import_type': 'Python Std Lib'}, {'alias': 'pd', 'module': 'pandas', 'functions': '', 'importpath': 'pandas', 'codeline': 'import pandas as pd', 'import_path_clean': '', 'import_type': 'Other Imports'}, {'alias': '', 'module': 'logging', 'functions': '', 'importpath': 'logging', 'codeline': 'import logging', 'import_path_clean': '', 'import_type': 'Python Std Lib'}, {'alias': '', 'module': 'os', 'functions': '', 'importpath': 'os', 'codeline': 'import os', 'import_path_clean': '', 'import_type': 'Python Std Lib'}, {'alias': '', 'module': 'dotenv', 'functions': 'load_dotenv', 'importpath': 'dotenv/load_dotenv', 'codeline': 'from dotenv import load_dotenv', 'import_path_clean': '', 'import_type': 'Other Imports'}]"
/Users/avinaash/Documents/PersonalProjects/Hacks/fluffyMigrate/repos/ed59ab8a-de9f-4f0b-9e06-3e6b0065b2a2/scripts/parsers/.DS_Store,.DS_Store,,Other,False,6148,
/Users/avinaash/Documents/PersonalProjects/Hacks/fluffyMigrate/repos/ed59ab8a-de9f-4f0b-9e06-3e6b0065b2a2/scripts/parsers/dependencymapper.py,dependencymapper,.py,Code,True,4084,"[{'alias': '', 'module': 'pathlib', 'functions': 'Path', 'importpath': 'pathlib/Path', 'codeline': 'from pathlib import Path', 'import_path_clean': '', 'import_type': 'Python Std Lib'}, {'alias': 'pd', 'module': 'pandas', 'functions': '', 'importpath': 'pandas', 'codeline': 'import pandas as pd', 'import_path_clean': '', 'import_type': 'Other Imports'}, {'alias': '', 'module': 'ast', 'functions': '', 'importpath': 'ast', 'codeline': 'import ast', 'import_path_clean': '', 'import_type': 'Python Std Lib'}, {'alias': '', 'module': 'logging', 'functions': '', 'importpath': 'logging', 'codeline': 'import logging', 'import_path_clean': '', 'import_type': 'Python Std Lib'}, {'alias': '', 'module': '.parserutils', 'functions': 'python_imports_mapper, js_imports_mapper', 'importpath': '/Users/avinaash/Documents/PersonalProjects/Hacks/fluffyMigrate/repos/ed59ab8a-de9f-4f0b-9e06-3e6b0065b2a2/scripts/parsers/parserutils/python_imports_mapper, js_imports_mapper', 'codeline': 'from .parserutils import python_imports_mapper, js_imports_mapper', 'import_path_clean': '/Users/avinaash/Documents/PersonalProjects/Hacks/fluffyMigrate/repos/ed59ab8a-de9f-4f0b-9e06-3e6b0065b2a2/scripts/parsers/parserutils/__init__.py', 'import_type': 'Init.py imports'}, {'alias': '', 'module': '..utils', 'functions': 'get_repo_dependencies_path, current_script_dir', 'importpath': '/Users/avinaash/Documents/PersonalProjects/Hacks/fluffyMigrate/repos/ed59ab8a-de9f-4f0b-9e06-3e6b0065b2a2/scripts/utils/get_repo_dependencies_path, current_script_dir', 'codeline': 'from ..utils import get_repo_dependencies_path, current_script_dir', 'import_path_clean': '/Users/avinaash/Documents/PersonalProjects/Hacks/fluffyMigrate/repos/ed59ab8a-de9f-4f0b-9e06-3e6b0065b2a2/scripts/utils.py', 'import_type': 'Entity within Python File Import'}]"
/Users/avinaash/Documents/PersonalProjects/Hacks/fluffyMigrate/repos/ed59ab8a-de9f-4f0b-9e06-3e6b0065b2a2/scripts/parsers/__init__.py,__init__,.py,Code,True,200,"[{'alias': '', 'module': '.parserutils', 'functions': 'JavaScriptParser, PythonParser, python_imports_mapper, python_init_to_filemapper, js_imports_mapper', 'importpath': '/Users/avinaash/Documents/PersonalProjects/Hacks/fluffyMigrate/repos/ed59ab8a-de9f-4f0b-9e06-3e6b0065b2a2/scripts/parsers/parserutils/JavaScriptParser, PythonParser, python_imports_mapper, python_init_to_filemapper, js_imports_mapper', 'codeline': 'from .parserutils import JavaScriptParser, PythonParser, python_imports_mapper, python_init_to_filemapper, js_imports_mapper', 'import_path_clean': '/Users/avinaash/Documents/PersonalProjects/Hacks/fluffyMigrate/repos/ed59ab8a-de9f-4f0b-9e06-3e6b0065b2a2/scripts/parsers/parserutils/__init__.py', 'import_type': 'Init.py imports'}, {'alias': '', 'module': '.dependencymapper', 'functions': 'compile_imports_map, compile_dependancy_map', 'importpath': '/Users/avinaash/Documents/PersonalProjects/Hacks/fluffyMigrate/repos/ed59ab8a-de9f-4f0b-9e06-3e6b0065b2a2/scripts/parsers/dependencymapper/compile_imports_map, compile_dependancy_map', 'codeline': 'from .dependencymapper import compile_imports_map, compile_dependancy_map', 'import_path_clean': '/Users/avinaash/Documents/PersonalProjects/Hacks/fluffyMigrate/repos/ed59ab8a-de9f-4f0b-9e06-3e6b0065b2a2/scripts/parsers/dependencymapper.py', 'import_type': 'Entity within Python File Import'}]"
/Users/avinaash/Documents/PersonalProjects/Hacks/fluffyMigrate/repos/ed59ab8a-de9f-4f0b-9e06-3e6b0065b2a2/scripts/parsers/parserutils/pyparser.py,pyparser,.py,Code,True,13882,"[{'alias': '', 'module': 'ast', 'functions': '', 'importpath': 'ast', 'codeline': 'import ast', 'import_path_clean': '', 'import_type': 'Python Std Lib'}, {'alias': '', 'module': 'nbformat', 'functions': '', 'importpath': 'nbformat', 'codeline': 'import nbformat', 'import_path_clean': '', 'import_type': 'Other Imports'}]"
/Users/avinaash/Documents/PersonalProjects/Hacks/fluffyMigrate/repos/ed59ab8a-de9f-4f0b-9e06-3e6b0065b2a2/scripts/parsers/parserutils/.DS_Store,.DS_Store,,Other,False,6148,
/Users/avinaash/Documents/PersonalProjects/Hacks/fluffyMigrate/repos/ed59ab8a-de9f-4f0b-9e06-3e6b0065b2a2/scripts/parsers/parserutils/python_imports_mapper.py,python_imports_mapper,.py,Code,True,6743,"[{'alias': '', 'module': '.', 'functions': 'PythonParser', 'importpath': '/Users/avinaash/Documents/PersonalProjects/Hacks/fluffyMigrate/repos/ed59ab8a-de9f-4f0b-9e06-3e6b0065b2a2/scripts/parsers/parserutils/PythonParser', 'codeline': 'from . import PythonParser', 'import_path_clean': '/Users/avinaash/Documents/PersonalProjects/Hacks/fluffyMigrate/repos/ed59ab8a-de9f-4f0b-9e06-3e6b0065b2a2/scripts/parsers/parserutils/__init__.py', 'import_type': 'Init.py imports'}, {'alias': '', 'module': 'os', 'functions': '', 'importpath': 'os', 'codeline': 'import os', 'import_path_clean': '', 'import_type': 'Python Std Lib'}, {'alias': 'pd', 'module': 'pandas', 'functions': '', 'importpath': 'pandas', 'codeline': 'import pandas as pd', 'import_path_clean': '', 'import_type': 'Other Imports'}, {'alias': '', 'module': '...utils', 'functions': 'get_repo_dependencies_path, mappers_dir', 'importpath': '/Users/avinaash/Documents/PersonalProjects/Hacks/fluffyMigrate/repos/ed59ab8a-de9f-4f0b-9e06-3e6b0065b2a2/scripts/utils/get_repo_dependencies_path, mappers_dir', 'codeline': 'from ...utils import get_repo_dependencies_path, mappers_dir', 'import_path_clean': '/Users/avinaash/Documents/PersonalProjects/Hacks/fluffyMigrate/repos/ed59ab8a-de9f-4f0b-9e06-3e6b0065b2a2/scripts/utils.py', 'import_type': 'Entity within Python File Import'}, {'alias': '', 'module': 'pathlib', 'functions': 'Path', 'importpath': 'pathlib/Path', 'codeline': 'from pathlib import Path', 'import_path_clean': '', 'import_type': 'Python Std Lib'}, {'alias': '', 'module': 'ast', 'functions': '', 'importpath': 'ast', 'codeline': 'import ast', 'import_path_clean': '', 'import_type': 'Python Std Lib'}]"
/Users/avinaash/Documents/PersonalProjects/Hacks/fluffyMigrate/repos/ed59ab8a-de9f-4f0b-9e06-3e6b0065b2a2/scripts/parsers/parserutils/__init__.py,__init__,.py,Code,True,206,"[{'alias': '', 'module': '.jsparser', 'functions': 'JavaScriptParser', 'importpath': '/Users/avinaash/Documents/PersonalProjects/Hacks/fluffyMigrate/repos/ed59ab8a-de9f-4f0b-9e06-3e6b0065b2a2/scripts/parsers/parserutils/jsparser/JavaScriptParser', 'codeline': 'from .jsparser import JavaScriptParser', 'import_path_clean': '/Users/avinaash/Documents/PersonalProjects/Hacks/fluffyMigrate/repos/ed59ab8a-de9f-4f0b-9e06-3e6b0065b2a2/scripts/parsers/parserutils/jsparser.py', 'import_type': 'Entity within Python File Import'}, {'alias': '', 'module': '.pyparser', 'functions': 'PythonParser', 'importpath': '/Users/avinaash/Documents/PersonalProjects/Hacks/fluffyMigrate/repos/ed59ab8a-de9f-4f0b-9e06-3e6b0065b2a2/scripts/parsers/parserutils/pyparser/PythonParser', 'codeline': 'from .pyparser import PythonParser', 'import_path_clean': '/Users/avinaash/Documents/PersonalProjects/Hacks/fluffyMigrate/repos/ed59ab8a-de9f-4f0b-9e06-3e6b0065b2a2/scripts/parsers/parserutils/pyparser.py', 'import_type': 'Entity within Python File Import'}, {'alias': '', 'module': '.python_imports_mapper', 'functions': 'python_imports_mapper, python_init_to_filemapper', 'importpath': '/Users/avinaash/Documents/PersonalProjects/Hacks/fluffyMigrate/repos/ed59ab8a-de9f-4f0b-9e06-3e6b0065b2a2/scripts/parsers/parserutils/python_imports_mapper/python_imports_mapper, python_init_to_filemapper', 'codeline': 'from .python_imports_mapper import python_imports_mapper, python_init_to_filemapper', 'import_path_clean': '/Users/avinaash/Documents/PersonalProjects/Hacks/fluffyMigrate/repos/ed59ab8a-de9f-4f0b-9e06-3e6b0065b2a2/scripts/parsers/parserutils/python_imports_mapper.py', 'import_type': 'Entity within Python File Import'}, {'alias': '', 'module': '.js_imports_mapper', 'functions': 'js_imports_mapper', 'importpath': '/Users/avinaash/Documents/PersonalProjects/Hacks/fluffyMigrate/repos/ed59ab8a-de9f-4f0b-9e06-3e6b0065b2a2/scripts/parsers/parserutils/js_imports_mapper/js_imports_mapper', 'codeline': 'from .js_imports_mapper import js_imports_mapper', 'import_path_clean': '/Users/avinaash/Documents/PersonalProjects/Hacks/fluffyMigrate/repos/ed59ab8a-de9f-4f0b-9e06-3e6b0065b2a2/scripts/parsers/parserutils/js_imports_mapper.py', 'import_type': 'Entity within Python File Import'}]"
/Users/avinaash/Documents/PersonalProjects/Hacks/fluffyMigrate/repos/ed59ab8a-de9f-4f0b-9e06-3e6b0065b2a2/scripts/parsers/parserutils/jsparser.py,jsparser,.py,Code,True,5716,"[{'alias': '', 'module': 'os', 'functions': '', 'importpath': 'os', 'codeline': 'import os', 'import_path_clean': '', 'import_type': 'Python Std Lib'}, {'alias': '', 'module': 'requests', 'functions': '', 'importpath': 'requests', 'codeline': 'import requests', 'import_path_clean': '', 'import_type': 'Other Imports'}, {'alias': '', 'module': 'dotenv', 'functions': 'load_dotenv', 'importpath': 'dotenv/load_dotenv', 'codeline': 'from dotenv import load_dotenv', 'import_path_clean': '', 'import_type': 'Other Imports'}]"
/Users/avinaash/Documents/PersonalProjects/Hacks/fluffyMigrate/repos/ed59ab8a-de9f-4f0b-9e06-3e6b0065b2a2/scripts/parsers/parserutils/js_imports_mapper.py,js_imports_mapper,.py,Code,True,4622,"[{'alias': '', 'module': '.', 'functions': 'JavaScriptParser', 'importpath': '/Users/avinaash/Documents/PersonalProjects/Hacks/fluffyMigrate/repos/ed59ab8a-de9f-4f0b-9e06-3e6b0065b2a2/scripts/parsers/parserutils/JavaScriptParser', 'codeline': 'from . import JavaScriptParser', 'import_path_clean': '/Users/avinaash/Documents/PersonalProjects/Hacks/fluffyMigrate/repos/ed59ab8a-de9f-4f0b-9e06-3e6b0065b2a2/scripts/parsers/parserutils/__init__.py', 'import_type': 'Init.py imports'}, {'alias': '', 'module': '...utils', 'functions': 'get_repo_dependencies_path', 'importpath': '/Users/avinaash/Documents/PersonalProjects/Hacks/fluffyMigrate/repos/ed59ab8a-de9f-4f0b-9e06-3e6b0065b2a2/scripts/utils/get_repo_dependencies_path', 'codeline': 'from ...utils import get_repo_dependencies_path', 'import_path_clean': '/Users/avinaash/Documents/PersonalProjects/Hacks/fluffyMigrate/repos/ed59ab8a-de9f-4f0b-9e06-3e6b0065b2a2/scripts/utils.py', 'import_type': 'Entity within Python File Import'}, {'alias': '', 'module': 'pathlib', 'functions': 'Path', 'importpath': 'pathlib/Path', 'codeline': 'from pathlib import Path', 'import_path_clean': '', 'import_type': 'Python Std Lib'}, {'alias': 'pd', 'module': 'pandas', 'functions': '', 'importpath': 'pandas', 'codeline': 'import pandas as pd', 'import_path_clean': '', 'import_type': 'Other Imports'}, {'alias': '', 'module': 're', 'functions': '', 'importpath': 're', 'codeline': 'import re', 'import_path_clean': '', 'import_type': 'Python Std Lib'}]"
/Users/avinaash/Documents/PersonalProjects/Hacks/fluffyMigrate/repos/ed59ab8a-de9f-4f0b-9e06-3e6b0065b2a2/scripts/vectordb/.DS_Store,.DS_Store,,Other,False,6148,
/Users/avinaash/Documents/PersonalProjects/Hacks/fluffyMigrate/repos/ed59ab8a-de9f-4f0b-9e06-3e6b0065b2a2/scripts/vectordb/__init__.py,__init__,.py,Code,True,56,"[{'alias': '', 'module': '.createschemahandler', 'functions': 'create_schema_for_class', 'importpath': '/Users/avinaash/Documents/PersonalProjects/Hacks/fluffyMigrate/repos/ed59ab8a-de9f-4f0b-9e06-3e6b0065b2a2/scripts/vectordb/createschemahandler/create_schema_for_class', 'codeline': 'from .createschemahandler import create_schema_for_class', 'import_path_clean': '/Users/avinaash/Documents/PersonalProjects/Hacks/fluffyMigrate/repos/ed59ab8a-de9f-4f0b-9e06-3e6b0065b2a2/scripts/vectordb/createschemahandler.py', 'import_type': 'Entity within Python File Import'}]"
/Users/avinaash/Documents/PersonalProjects/Hacks/fluffyMigrate/repos/ed59ab8a-de9f-4f0b-9e06-3e6b0065b2a2/scripts/vectordb/createschemahandler.py,createschemahandler,.py,Code,True,1725,"[{'alias': '', 'module': 'createschema', 'functions': '*', 'importpath': 'createschema/*', 'codeline': 'from createschema import *', 'import_path_clean': 'createschema.py', 'import_type': 'Entity within Python File Import'}]"
/Users/avinaash/Documents/PersonalProjects/Hacks/fluffyMigrate/repos/ed59ab8a-de9f-4f0b-9e06-3e6b0065b2a2/scripts/vectordb/createschema.py,createschema,.py,Code,True,42218,"[{'alias': '', 'module': 'os', 'functions': '', 'importpath': 'os', 'codeline': 'import os', 'import_path_clean': '', 'import_type': 'Python Std Lib'}, {'alias': '', 'module': 'logging', 'functions': '', 'importpath': 'logging', 'codeline': 'import logging', 'import_path_clean': '', 'import_type': 'Python Std Lib'}, {'alias': '', 'module': '..utils', 'functions': 'current_script_dir', 'importpath': '/Users/avinaash/Documents/PersonalProjects/Hacks/fluffyMigrate/repos/ed59ab8a-de9f-4f0b-9e06-3e6b0065b2a2/scripts/utils/current_script_dir', 'codeline': 'from ..utils import current_script_dir', 'import_path_clean': '/Users/avinaash/Documents/PersonalProjects/Hacks/fluffyMigrate/repos/ed59ab8a-de9f-4f0b-9e06-3e6b0065b2a2/scripts/utils.py', 'import_type': 'Entity within Python File Import'}, {'alias': '', 'module': 'dotenv', 'functions': 'load_dotenv', 'importpath': 'dotenv/load_dotenv', 'codeline': 'from dotenv import load_dotenv', 'import_path_clean': '', 'import_type': 'Other Imports'}]"
/Users/avinaash/Documents/PersonalProjects/Hacks/fluffyMigrate/repos/ed59ab8a-de9f-4f0b-9e06-3e6b0065b2a2/scripts/dataingestion/repo_dependencies_ingestion.py,repo_dependencies_ingestion,.py,Code,True,17711,"[{'alias': '', 'module': 're', 'functions': '', 'importpath': 're', 'codeline': 'import re', 'import_path_clean': '', 'import_type': 'Python Std Lib'}, {'alias': '', 'module': 'os', 'functions': '', 'importpath': 'os', 'codeline': 'import os', 'import_path_clean': '', 'import_type': 'Python Std Lib'}, {'alias': '', 'module': 'requests', 'functions': '', 'importpath': 'requests', 'codeline': 'import requests', 'import_path_clean': '', 'import_type': 'Other Imports'}, {'alias': '', 'module': 'urllib.parse', 'functions': 'urlparse', 'importpath': 'urllib/parse/urlparse', 'codeline': 'from urllib.parse import urlparse', 'import_path_clean': '', 'import_type': 'Other Imports'}, {'alias': '', 'module': '..utils', 'functions': 'get_repo_name, get_repo_dependencies_path, safe_folder_name_url, current_script_dir, get_masterList_path, get_masterDocs_path, get_masterDocsDirectory_path,get_repo_shortname', 'importpath': '/Users/avinaash/Documents/PersonalProjects/Hacks/fluffyMigrate/repos/ed59ab8a-de9f-4f0b-9e06-3e6b0065b2a2/scripts/utils/get_repo_name, get_repo_dependencies_path, safe_folder_name_url, current_script_dir, get_masterList_path, get_masterDocs_path, get_masterDocsDirectory_path,get_repo_shortname', 'codeline': 'from ..utils import get_repo_name, get_repo_dependencies_path, safe_folder_name_url, current_script_dir, get_masterList_path, get_masterDocs_path, get_masterDocsDirectory_path,get_repo_shortname', 'import_path_clean': '/Users/avinaash/Documents/PersonalProjects/Hacks/fluffyMigrate/repos/ed59ab8a-de9f-4f0b-9e06-3e6b0065b2a2/scripts/utils.py', 'import_type': 'Entity within Python File Import'}, {'alias': 'pd', 'module': 'pandas', 'functions': '', 'importpath': 'pandas', 'codeline': 'import pandas as pd', 'import_path_clean': '', 'import_type': 'Other Imports'}, {'alias': '', 'module': 'shutil', 'functions': '', 'importpath': 'shutil', 'codeline': 'import shutil', 'import_path_clean': '', 'import_type': 'Python Std Lib'}, {'alias': '', 'module': 'pathlib', 'functions': 'Path', 'importpath': 'pathlib/Path', 'codeline': 'from pathlib import Path', 'import_path_clean': '', 'import_type': 'Python Std Lib'}, {'alias': '', 'module': 'subprocess', 'functions': '', 'importpath': 'subprocess', 'codeline': 'import subprocess', 'import_path_clean': '', 'import_type': 'Python Std Lib'}, {'alias': 'pd', 'module': 'pandas', 'functions': '', 'importpath': 'pandas', 'codeline': 'import pandas as pd', 'import_path_clean': '', 'import_type': 'Other Imports'}, {'alias': '', 'module': 'datetime', 'functions': 'datetime', 'importpath': 'datetime/datetime', 'codeline': 'from datetime import datetime', 'import_path_clean': '', 'import_type': 'Python Std Lib'}, {'alias': '', 'module': 'pytz', 'functions': '', 'importpath': 'pytz', 'codeline': 'import pytz', 'import_path_clean': '', 'import_type': 'Other Imports'}, {'alias': '', 'module': 'time', 'functions': '', 'importpath': 'time', 'codeline': 'import time', 'import_path_clean': '', 'import_type': 'Python Std Lib'}, {'alias': '', 'module': 'logging', 'functions': '', 'importpath': 'logging', 'codeline': 'import logging', 'import_path_clean': '', 'import_type': 'Python Std Lib'}]"
/Users/avinaash/Documents/PersonalProjects/Hacks/fluffyMigrate/repos/ed59ab8a-de9f-4f0b-9e06-3e6b0065b2a2/scripts/dataingestion/repo_ingestion.py,repo_ingestion,.py,Code,True,10895,"[{'alias': '', 'module': 'os', 'functions': '', 'importpath': 'os', 'codeline': 'import os', 'import_path_clean': '', 'import_type': 'Python Std Lib'}, {'alias': '', 'module': 'csv', 'functions': '', 'importpath': 'csv', 'codeline': 'import csv', 'import_path_clean': '', 'import_type': 'Python Std Lib'}, {'alias': '', 'module': 'subprocess', 'functions': '', 'importpath': 'subprocess', 'codeline': 'import subprocess', 'import_path_clean': '', 'import_type': 'Python Std Lib'}, {'alias': '', 'module': 'pathlib', 'functions': 'Path', 'importpath': 'pathlib/Path', 'codeline': 'from pathlib import Path', 'import_path_clean': '', 'import_type': 'Python Std Lib'}, {'alias': '', 'module': 'urllib.parse', 'functions': 'urlparse', 'importpath': 'urllib/parse/urlparse', 'codeline': 'from urllib.parse import urlparse', 'import_path_clean': '', 'import_type': 'Other Imports'}, {'alias': '', 'module': 'datetime', 'functions': 'datetime', 'importpath': 'datetime/datetime', 'codeline': 'from datetime import datetime', 'import_path_clean': '', 'import_type': 'Python Std Lib'}, {'alias': '', 'module': 'pytz', 'functions': '', 'importpath': 'pytz', 'codeline': 'import pytz', 'import_path_clean': '', 'import_type': 'Other Imports'}, {'alias': '', 'module': 'logging', 'functions': '', 'importpath': 'logging', 'codeline': 'import logging', 'import_path_clean': '', 'import_type': 'Python Std Lib'}, {'alias': '', 'module': '..utils', 'functions': 'get_repo_code_path, get_repo_dependencies_path, current_script_dir, get_masterList_path, get_repo_name', 'importpath': '/Users/avinaash/Documents/PersonalProjects/Hacks/fluffyMigrate/repos/ed59ab8a-de9f-4f0b-9e06-3e6b0065b2a2/scripts/utils/get_repo_code_path, get_repo_dependencies_path, current_script_dir, get_masterList_path, get_repo_name', 'codeline': 'from ..utils import get_repo_code_path, get_repo_dependencies_path, current_script_dir, get_masterList_path, get_repo_name', 'import_path_clean': '/Users/avinaash/Documents/PersonalProjects/Hacks/fluffyMigrate/repos/ed59ab8a-de9f-4f0b-9e06-3e6b0065b2a2/scripts/utils.py', 'import_type': 'Entity within Python File Import'}]"
/Users/avinaash/Documents/PersonalProjects/Hacks/fluffyMigrate/repos/ed59ab8a-de9f-4f0b-9e06-3e6b0065b2a2/scripts/dataingestion/.DS_Store,.DS_Store,,Other,False,6148,
/Users/avinaash/Documents/PersonalProjects/Hacks/fluffyMigrate/repos/ed59ab8a-de9f-4f0b-9e06-3e6b0065b2a2/scripts/dataingestion/__init__.py,__init__,.py,Code,True,139,"[{'alias': '', 'module': '.repo_ingestion', 'functions': 'ingest_repo', 'importpath': '/Users/avinaash/Documents/PersonalProjects/Hacks/fluffyMigrate/repos/ed59ab8a-de9f-4f0b-9e06-3e6b0065b2a2/scripts/dataingestion/repo_ingestion/ingest_repo', 'codeline': 'from .repo_ingestion import ingest_repo', 'import_path_clean': '/Users/avinaash/Documents/PersonalProjects/Hacks/fluffyMigrate/repos/ed59ab8a-de9f-4f0b-9e06-3e6b0065b2a2/scripts/dataingestion/repo_ingestion.py', 'import_type': 'Entity within Python File Import'}, {'alias': '', 'module': '.repo_dependencies_ingestion', 'functions': 'ingest_docs, update_downloaded_sites, move_downloaded_site', 'importpath': '/Users/avinaash/Documents/PersonalProjects/Hacks/fluffyMigrate/repos/ed59ab8a-de9f-4f0b-9e06-3e6b0065b2a2/scripts/dataingestion/repo_dependencies_ingestion/ingest_docs, update_downloaded_sites, move_downloaded_site', 'codeline': 'from .repo_dependencies_ingestion import ingest_docs, update_downloaded_sites, move_downloaded_site', 'import_path_clean': '/Users/avinaash/Documents/PersonalProjects/Hacks/fluffyMigrate/repos/ed59ab8a-de9f-4f0b-9e06-3e6b0065b2a2/scripts/dataingestion/repo_dependencies_ingestion.py', 'import_type': 'Entity within Python File Import'}]"
/Users/avinaash/Documents/PersonalProjects/Hacks/fluffyMigrate/repos/ed59ab8a-de9f-4f0b-9e06-3e6b0065b2a2/scripts/mappers/.DS_Store,.DS_Store,,Other,False,6148,
/Users/avinaash/Documents/PersonalProjects/Hacks/fluffyMigrate/repos/ed59ab8a-de9f-4f0b-9e06-3e6b0065b2a2/scripts/mappers/pythonstandardlibs.csv,pythonstandardlibs,.csv,Other,False,29901,
/Users/avinaash/Documents/PersonalProjects/Hacks/fluffyMigrate/repos/ed59ab8a-de9f-4f0b-9e06-3e6b0065b2a2/scripts/mappers/url_to_repo_name_mapping.json,url_to_repo_name_mapping,.json,Other,False,340,
/Users/avinaash/Documents/PersonalProjects/Hacks/fluffyMigrate/repos/ed59ab8a-de9f-4f0b-9e06-3e6b0065b2a2/scripts/mappers/url_to_safe_name_mapping.json,url_to_safe_name_mapping,.json,Other,False,21529,
/Users/avinaash/Documents/PersonalProjects/Hacks/fluffyMigrate/repos/ed59ab8a-de9f-4f0b-9e06-3e6b0065b2a2/scripts/taskstatus/dboperations.py,dboperations,.py,Code,True,8200,"[{'alias': '', 'module': 'sqlite3', 'functions': '', 'importpath': 'sqlite3', 'codeline': 'import sqlite3', 'import_path_clean': '', 'import_type': 'Python Std Lib'}, {'alias': '', 'module': 'datetime', 'functions': '', 'importpath': 'datetime', 'codeline': 'import datetime', 'import_path_clean': '', 'import_type': 'Python Std Lib'}, {'alias': '', 'module': 'requests', 'functions': '', 'importpath': 'requests', 'codeline': 'import requests', 'import_path_clean': '', 'import_type': 'Other Imports'}, {'alias': '', 'module': 'urllib.parse', 'functions': 'urlparse', 'importpath': 'urllib/parse/urlparse', 'codeline': 'from urllib.parse import urlparse', 'import_path_clean': '', 'import_type': 'Other Imports'}]"
/Users/avinaash/Documents/PersonalProjects/Hacks/fluffyMigrate/repos/ed59ab8a-de9f-4f0b-9e06-3e6b0065b2a2/scripts/taskstatus/__init__.py,__init__,.py,Code,True,245,"[{'alias': '', 'module': '.dboperations', 'functions': 'dbops_helper_get_github_repo_info, dbops_initialize_db, dbops_create_first_entry, dbops_get_ingestion_status, dbops_update_task_status, dbops_bulk_retrieve_repos, dbops_delete_all_entries, dbops_get_all_ingestion_status', 'importpath': '/Users/avinaash/Documents/PersonalProjects/Hacks/fluffyMigrate/repos/ed59ab8a-de9f-4f0b-9e06-3e6b0065b2a2/scripts/taskstatus/dboperations/dbops_helper_get_github_repo_info, dbops_initialize_db, dbops_create_first_entry, dbops_get_ingestion_status, dbops_update_task_status, dbops_bulk_retrieve_repos, dbops_delete_all_entries, dbops_get_all_ingestion_status', 'codeline': 'from .dboperations import dbops_helper_get_github_repo_info, dbops_initialize_db, dbops_create_first_entry, dbops_get_ingestion_status, dbops_update_task_status, dbops_bulk_retrieve_repos, dbops_delete_all_entries, dbops_get_all_ingestion_status', 'import_path_clean': '/Users/avinaash/Documents/PersonalProjects/Hacks/fluffyMigrate/repos/ed59ab8a-de9f-4f0b-9e06-3e6b0065b2a2/scripts/taskstatus/dboperations.py', 'import_type': 'Entity within Python File Import'}]"
/Users/avinaash/Documents/PersonalProjects/Hacks/fluffyMigrate/repos/ed59ab8a-de9f-4f0b-9e06-3e6b0065b2a2/scripts/retreival/__init__.py,__init__,.py,Code,True,196,"[{'alias': '', 'module': '.queryrewriter', 'functions': 'user_query_rewriter', 'importpath': '/Users/avinaash/Documents/PersonalProjects/Hacks/fluffyMigrate/repos/ed59ab8a-de9f-4f0b-9e06-3e6b0065b2a2/scripts/retreival/queryrewriter/user_query_rewriter', 'codeline': 'from .queryrewriter import user_query_rewriter', 'import_path_clean': '/Users/avinaash/Documents/PersonalProjects/Hacks/fluffyMigrate/repos/ed59ab8a-de9f-4f0b-9e06-3e6b0065b2a2/scripts/retreival/queryrewriter.py', 'import_type': 'Entity within Python File Import'}, {'alias': '', 'module': '.retreivalpipeline', 'functions': 'retreive_docs', 'importpath': '/Users/avinaash/Documents/PersonalProjects/Hacks/fluffyMigrate/repos/ed59ab8a-de9f-4f0b-9e06-3e6b0065b2a2/scripts/retreival/retreivalpipeline/retreive_docs', 'codeline': 'from .retreivalpipeline import retreive_docs', 'import_path_clean': '/Users/avinaash/Documents/PersonalProjects/Hacks/fluffyMigrate/repos/ed59ab8a-de9f-4f0b-9e06-3e6b0065b2a2/scripts/retreival/retreivalpipeline.py', 'import_type': 'Entity within Python File Import'}, {'alias': '', 'module': '.promptconstructor', 'functions': 'prompt_downloadLinks, prompt_documentation, prompt_code, prompt_retreival', 'importpath': '/Users/avinaash/Documents/PersonalProjects/Hacks/fluffyMigrate/repos/ed59ab8a-de9f-4f0b-9e06-3e6b0065b2a2/scripts/retreival/promptconstructor/prompt_downloadLinks, prompt_documentation, prompt_code, prompt_retreival', 'codeline': 'from .promptconstructor import prompt_downloadLinks, prompt_documentation, prompt_code, prompt_retreival', 'import_path_clean': '/Users/avinaash/Documents/PersonalProjects/Hacks/fluffyMigrate/repos/ed59ab8a-de9f-4f0b-9e06-3e6b0065b2a2/scripts/retreival/promptconstructor.py', 'import_type': 'Entity within Python File Import'}]"
/Users/avinaash/Documents/PersonalProjects/Hacks/fluffyMigrate/repos/ed59ab8a-de9f-4f0b-9e06-3e6b0065b2a2/scripts/retreival/queryrewriter.py,queryrewriter,.py,Code,True,5714,"[{'alias': '', 'module': 'scripts.taskstatus.dboperations', 'functions': 'dbops_get_repo_name_desc', 'importpath': 'scripts/taskstatus/dboperations/dbops_get_repo_name_desc', 'codeline': 'from scripts.taskstatus.dboperations import dbops_get_repo_name_desc', 'import_path_clean': 'scripts/taskstatus/dboperations.py', 'import_type': 'Entity within Python File Import'}, {'alias': '', 'module': 'dotenv', 'functions': 'load_dotenv', 'importpath': 'dotenv/load_dotenv', 'codeline': 'from dotenv import load_dotenv', 'import_path_clean': '', 'import_type': 'Other Imports'}, {'alias': '', 'module': 'os', 'functions': '', 'importpath': 'os', 'codeline': 'import os', 'import_path_clean': '', 'import_type': 'Python Std Lib'}, {'alias': '', 'module': 'ast', 'functions': '', 'importpath': 'ast', 'codeline': 'import ast', 'import_path_clean': '', 'import_type': 'Python Std Lib'}, {'alias': '', 'module': 'openai', 'functions': '', 'importpath': 'openai', 'codeline': 'import openai', 'import_path_clean': '', 'import_type': 'Other Imports'}, {'alias': '', 'module': 'tiktoken', 'functions': '', 'importpath': 'tiktoken', 'codeline': 'import tiktoken', 'import_path_clean': '', 'import_type': 'Other Imports'}, {'alias': '', 'module': 'math', 'functions': '', 'importpath': 'math', 'codeline': 'import math', 'import_path_clean': '', 'import_type': 'Python Std Lib'}]"
/Users/avinaash/Documents/PersonalProjects/Hacks/fluffyMigrate/repos/ed59ab8a-de9f-4f0b-9e06-3e6b0065b2a2/scripts/retreival/retreivalpipeline.py,retreivalpipeline,.py,Code,True,15913,"[{'alias': '', 'module': 'weaviate', 'functions': '', 'importpath': 'weaviate', 'codeline': 'import weaviate', 'import_path_clean': '', 'import_type': 'Other Imports'}, {'alias': '', 'module': 'dotenv', 'functions': 'load_dotenv', 'importpath': 'dotenv/load_dotenv', 'codeline': 'from dotenv import load_dotenv', 'import_path_clean': '', 'import_type': 'Other Imports'}, {'alias': '', 'module': 'os', 'functions': '', 'importpath': 'os', 'codeline': 'import os', 'import_path_clean': '', 'import_type': 'Python Std Lib'}, {'alias': '', 'module': '.queryrewriter', 'functions': 'user_query_rewriter', 'importpath': '/Users/avinaash/Documents/PersonalProjects/Hacks/fluffyMigrate/repos/ed59ab8a-de9f-4f0b-9e06-3e6b0065b2a2/scripts/retreival/queryrewriter/user_query_rewriter', 'codeline': 'from .queryrewriter import user_query_rewriter', 'import_path_clean': '/Users/avinaash/Documents/PersonalProjects/Hacks/fluffyMigrate/repos/ed59ab8a-de9f-4f0b-9e06-3e6b0065b2a2/scripts/retreival/queryrewriter.py', 'import_type': 'Entity within Python File Import'}, {'alias': '', 'module': 'cohere', 'functions': '', 'importpath': 'cohere', 'codeline': 'import cohere', 'import_path_clean': '', 'import_type': 'Other Imports'}]"
/Users/avinaash/Documents/PersonalProjects/Hacks/fluffyMigrate/repos/ed59ab8a-de9f-4f0b-9e06-3e6b0065b2a2/scripts/retreival/promptconstructor.py,promptconstructor,.py,Code,True,5512,"[{'alias': '', 'module': 'scripts.utils', 'functions': 'retreive_file_contents', 'importpath': 'scripts/utils/retreive_file_contents', 'codeline': 'from scripts.utils import retreive_file_contents', 'import_path_clean': 'scripts/utils.py', 'import_type': 'Entity within Python File Import'}, {'alias': '', 'module': 'tiktoken', 'functions': '', 'importpath': 'tiktoken', 'codeline': 'import tiktoken', 'import_path_clean': '', 'import_type': 'Other Imports'}]"
/Users/avinaash/Documents/PersonalProjects/Hacks/fluffyMigrate/repos/ed59ab8a-de9f-4f0b-9e06-3e6b0065b2a2/scripts/customloaders/.DS_Store,.DS_Store,,Other,False,6148,
/Users/avinaash/Documents/PersonalProjects/Hacks/fluffyMigrate/repos/ed59ab8a-de9f-4f0b-9e06-3e6b0065b2a2/scripts/customloaders/master_docs_loader.py,master_docs_loader,.py,Code,True,7490,"[{'alias': '', 'module': 'pathlib', 'functions': 'Path', 'importpath': 'pathlib/Path', 'codeline': 'from pathlib import Path', 'import_path_clean': '', 'import_type': 'Python Std Lib'}, {'alias': '', 'module': 'typing', 'functions': 'Any, List, Optional, Tuple, Union', 'importpath': 'typing/Any, List, Optional, Tuple, Union', 'codeline': 'from typing import Any, List, Optional, Tuple, Union', 'import_path_clean': '', 'import_type': 'Python Std Lib'}, {'alias': '', 'module': 'os', 'functions': '', 'importpath': 'os', 'codeline': 'import os', 'import_path_clean': '', 'import_type': 'Python Std Lib'}, {'alias': '', 'module': 'time', 'functions': '', 'importpath': 'time', 'codeline': 'import time', 'import_path_clean': '', 'import_type': 'Python Std Lib'}, {'alias': '', 'module': 'tiktoken', 'functions': '', 'importpath': 'tiktoken', 'codeline': 'import tiktoken', 'import_path_clean': '', 'import_type': 'Other Imports'}, {'alias': '', 'module': 'langchain.docstore.document', 'functions': 'Document', 'importpath': 'langchain/docstore/document/Document', 'codeline': 'from langchain.docstore.document import Document', 'import_path_clean': '', 'import_type': 'Other Imports'}, {'alias': '', 'module': 'logging', 'functions': '', 'importpath': 'logging', 'codeline': 'import logging', 'import_path_clean': '', 'import_type': 'Python Std Lib'}, {'alias': '', 'module': 'langchain.text_splitter', 'functions': 'RecursiveCharacterTextSplitter', 'importpath': 'langchain/text_splitter/RecursiveCharacterTextSplitter', 'codeline': 'from langchain.text_splitter import RecursiveCharacterTextSplitter', 'import_path_clean': '', 'import_type': 'Other Imports'}, {'alias': '', 'module': 'langchain.document_loaders.base', 'functions': 'BaseLoader', 'importpath': 'langchain/document_loaders/base/BaseLoader', 'codeline': 'from langchain.document_loaders.base import BaseLoader', 'import_path_clean': '', 'import_type': 'Other Imports'}, {'alias': '', 'module': 'scripts.utils', 'functions': 'doc_type_classifier,get_original_url_from_directory_path, get_repo_fluffycontext_path, get_repo_dependencies_path', 'importpath': 'scripts/utils/doc_type_classifier,get_original_url_from_directory_path, get_repo_fluffycontext_path, get_repo_dependencies_path', 'codeline': 'from scripts.utils import doc_type_classifier,get_original_url_from_directory_path, get_repo_fluffycontext_path, get_repo_dependencies_path', 'import_path_clean': 'scripts/utils.py', 'import_type': 'Entity within Python File Import'}, {'alias': 'pd', 'module': 'pandas', 'functions': '', 'importpath': 'pandas', 'codeline': 'import pandas as pd', 'import_path_clean': '', 'import_type': 'Other Imports'}, {'alias': '', 'module': '..utils', 'functions': 'get_repo_dependencies_path, current_script_dir,get_masterDocs_path', 'importpath': '/Users/avinaash/Documents/PersonalProjects/Hacks/fluffyMigrate/repos/ed59ab8a-de9f-4f0b-9e06-3e6b0065b2a2/scripts/utils/get_repo_dependencies_path, current_script_dir,get_masterDocs_path', 'codeline': 'from ..utils import get_repo_dependencies_path, current_script_dir,get_masterDocs_path', 'import_path_clean': '/Users/avinaash/Documents/PersonalProjects/Hacks/fluffyMigrate/repos/ed59ab8a-de9f-4f0b-9e06-3e6b0065b2a2/scripts/utils.py', 'import_type': 'Entity within Python File Import'}, {'alias': '', 'module': 'bs4', 'functions': 'BeautifulSoup', 'importpath': 'bs4/BeautifulSoup', 'codeline': 'from bs4 import BeautifulSoup', 'import_path_clean': '', 'import_type': 'Other Imports'}, {'alias': '', 'module': 'bs4', 'functions': 'BeautifulSoup', 'importpath': 'bs4/BeautifulSoup', 'codeline': 'from bs4 import BeautifulSoup', 'import_path_clean': '', 'import_type': 'Other Imports'}]"
/Users/avinaash/Documents/PersonalProjects/Hacks/fluffyMigrate/repos/ed59ab8a-de9f-4f0b-9e06-3e6b0065b2a2/scripts/customloaders/__init__.py,__init__,.py,Code,True,157,"[{'alias': '', 'module': '.file_docs_loader', 'functions': 'file_doc_loader', 'importpath': '/Users/avinaash/Documents/PersonalProjects/Hacks/fluffyMigrate/repos/ed59ab8a-de9f-4f0b-9e06-3e6b0065b2a2/scripts/customloaders/file_docs_loader/file_doc_loader', 'codeline': 'from .file_docs_loader import file_doc_loader', 'import_path_clean': '/Users/avinaash/Documents/PersonalProjects/Hacks/fluffyMigrate/repos/ed59ab8a-de9f-4f0b-9e06-3e6b0065b2a2/scripts/customloaders/file_docs_loader.py', 'import_type': 'Entity within Python File Import'}, {'alias': '', 'module': '.web_docs_loader', 'functions': 'WebDocsLoader, web_docs_loader', 'importpath': '/Users/avinaash/Documents/PersonalProjects/Hacks/fluffyMigrate/repos/ed59ab8a-de9f-4f0b-9e06-3e6b0065b2a2/scripts/customloaders/web_docs_loader/WebDocsLoader, web_docs_loader', 'codeline': 'from .web_docs_loader import WebDocsLoader, web_docs_loader', 'import_path_clean': '/Users/avinaash/Documents/PersonalProjects/Hacks/fluffyMigrate/repos/ed59ab8a-de9f-4f0b-9e06-3e6b0065b2a2/scripts/customloaders/web_docs_loader.py', 'import_type': 'Entity within Python File Import'}, {'alias': '', 'module': '.master_docs_loader', 'functions': 'master_docs_loader', 'importpath': '/Users/avinaash/Documents/PersonalProjects/Hacks/fluffyMigrate/repos/ed59ab8a-de9f-4f0b-9e06-3e6b0065b2a2/scripts/customloaders/master_docs_loader/master_docs_loader', 'codeline': 'from .master_docs_loader import master_docs_loader', 'import_path_clean': '/Users/avinaash/Documents/PersonalProjects/Hacks/fluffyMigrate/repos/ed59ab8a-de9f-4f0b-9e06-3e6b0065b2a2/scripts/customloaders/master_docs_loader.py', 'import_type': 'Entity within Python File Import'}]"
/Users/avinaash/Documents/PersonalProjects/Hacks/fluffyMigrate/repos/ed59ab8a-de9f-4f0b-9e06-3e6b0065b2a2/scripts/customloaders/file_docs_loader.py,file_docs_loader,.py,Code,True,8573,"[{'alias': '', 'module': 're', 'functions': '', 'importpath': 're', 'codeline': 'import re', 'import_path_clean': '', 'import_type': 'Python Std Lib'}, {'alias': '', 'module': 'pathlib', 'functions': 'Path', 'importpath': 'pathlib/Path', 'codeline': 'from pathlib import Path', 'import_path_clean': '', 'import_type': 'Python Std Lib'}, {'alias': '', 'module': 'time', 'functions': '', 'importpath': 'time', 'codeline': 'import time', 'import_path_clean': '', 'import_type': 'Python Std Lib'}, {'alias': '', 'module': 'markdown', 'functions': '', 'importpath': 'markdown', 'codeline': 'import markdown', 'import_path_clean': '', 'import_type': 'Other Imports'}, {'alias': '', 'module': 'tiktoken', 'functions': '', 'importpath': 'tiktoken', 'codeline': 'import tiktoken', 'import_path_clean': '', 'import_type': 'Other Imports'}, {'alias': '', 'module': 'logging', 'functions': '', 'importpath': 'logging', 'codeline': 'import logging', 'import_path_clean': '', 'import_type': 'Python Std Lib'}, {'alias': '', 'module': 'subprocess', 'functions': '', 'importpath': 'subprocess', 'codeline': 'import subprocess', 'import_path_clean': '', 'import_type': 'Python Std Lib'}, {'alias': '', 'module': 'bs4', 'functions': 'BeautifulSoup', 'importpath': 'bs4/BeautifulSoup', 'codeline': 'from bs4 import BeautifulSoup', 'import_path_clean': '', 'import_type': 'Other Imports'}, {'alias': '', 'module': '..utils', 'functions': 'get_repo_fluffycontext_path, get_repo_dependencies_path, current_script_dir, get_repo_code_path, doc_type_classifier, get_original_url_from_directory_path', 'importpath': '/Users/avinaash/Documents/PersonalProjects/Hacks/fluffyMigrate/repos/ed59ab8a-de9f-4f0b-9e06-3e6b0065b2a2/scripts/utils/get_repo_fluffycontext_path, get_repo_dependencies_path, current_script_dir, get_repo_code_path, doc_type_classifier, get_original_url_from_directory_path', 'codeline': 'from ..utils import get_repo_fluffycontext_path, get_repo_dependencies_path, current_script_dir, get_repo_code_path, doc_type_classifier, get_original_url_from_directory_path', 'import_path_clean': '/Users/avinaash/Documents/PersonalProjects/Hacks/fluffyMigrate/repos/ed59ab8a-de9f-4f0b-9e06-3e6b0065b2a2/scripts/utils.py', 'import_type': 'Entity within Python File Import'}, {'alias': '', 'module': 'langchain.text_splitter', 'functions': 'RecursiveCharacterTextSplitter', 'importpath': 'langchain/text_splitter/RecursiveCharacterTextSplitter', 'codeline': 'from langchain.text_splitter import RecursiveCharacterTextSplitter', 'import_path_clean': '', 'import_type': 'Other Imports'}, {'alias': '', 'module': 'git', 'functions': 'Repo', 'importpath': 'git/Repo', 'codeline': 'from git import Repo', 'import_path_clean': '', 'import_type': 'Other Imports'}, {'alias': 'pd', 'module': 'pandas', 'functions': '', 'importpath': 'pandas', 'codeline': 'import pandas as pd', 'import_path_clean': '', 'import_type': 'Other Imports'}]"
/Users/avinaash/Documents/PersonalProjects/Hacks/fluffyMigrate/repos/ed59ab8a-de9f-4f0b-9e06-3e6b0065b2a2/scripts/customloaders/web_docs_loader.py,web_docs_loader,.py,Code,True,7218,"[{'alias': '', 'module': 'pathlib', 'functions': 'Path', 'importpath': 'pathlib/Path', 'codeline': 'from pathlib import Path', 'import_path_clean': '', 'import_type': 'Python Std Lib'}, {'alias': '', 'module': 'typing', 'functions': 'Any, List, Optional, Tuple, Union', 'importpath': 'typing/Any, List, Optional, Tuple, Union', 'codeline': 'from typing import Any, List, Optional, Tuple, Union', 'import_path_clean': '', 'import_type': 'Python Std Lib'}, {'alias': '', 'module': 'os', 'functions': '', 'importpath': 'os', 'codeline': 'import os', 'import_path_clean': '', 'import_type': 'Python Std Lib'}, {'alias': '', 'module': 'time', 'functions': '', 'importpath': 'time', 'codeline': 'import time', 'import_path_clean': '', 'import_type': 'Python Std Lib'}, {'alias': '', 'module': 'tiktoken', 'functions': '', 'importpath': 'tiktoken', 'codeline': 'import tiktoken', 'import_path_clean': '', 'import_type': 'Other Imports'}, {'alias': '', 'module': 'langchain.docstore.document', 'functions': 'Document', 'importpath': 'langchain/docstore/document/Document', 'codeline': 'from langchain.docstore.document import Document', 'import_path_clean': '', 'import_type': 'Other Imports'}, {'alias': '', 'module': 'logging', 'functions': '', 'importpath': 'logging', 'codeline': 'import logging', 'import_path_clean': '', 'import_type': 'Python Std Lib'}, {'alias': '', 'module': 'langchain.text_splitter', 'functions': 'RecursiveCharacterTextSplitter', 'importpath': 'langchain/text_splitter/RecursiveCharacterTextSplitter', 'codeline': 'from langchain.text_splitter import RecursiveCharacterTextSplitter', 'import_path_clean': '', 'import_type': 'Other Imports'}, {'alias': '', 'module': 'langchain.document_loaders.base', 'functions': 'BaseLoader', 'importpath': 'langchain/document_loaders/base/BaseLoader', 'codeline': 'from langchain.document_loaders.base import BaseLoader', 'import_path_clean': '', 'import_type': 'Other Imports'}, {'alias': '', 'module': 'scripts.utils', 'functions': 'doc_type_classifier,get_original_url_from_directory_path, get_repo_fluffycontext_path, get_repo_dependencies_path, current_script_dir', 'importpath': 'scripts/utils/doc_type_classifier,get_original_url_from_directory_path, get_repo_fluffycontext_path, get_repo_dependencies_path, current_script_dir', 'codeline': 'from scripts.utils import doc_type_classifier,get_original_url_from_directory_path, get_repo_fluffycontext_path, get_repo_dependencies_path, current_script_dir', 'import_path_clean': 'scripts/utils.py', 'import_type': 'Entity within Python File Import'}, {'alias': 'pd', 'module': 'pandas', 'functions': '', 'importpath': 'pandas', 'codeline': 'import pandas as pd', 'import_path_clean': '', 'import_type': 'Other Imports'}, {'alias': '', 'module': 'bs4', 'functions': 'BeautifulSoup', 'importpath': 'bs4/BeautifulSoup', 'codeline': 'from bs4 import BeautifulSoup', 'import_path_clean': '', 'import_type': 'Other Imports'}, {'alias': '', 'module': 'bs4', 'functions': 'BeautifulSoup', 'importpath': 'bs4/BeautifulSoup', 'codeline': 'from bs4 import BeautifulSoup', 'import_path_clean': '', 'import_type': 'Other Imports'}]"
/Users/avinaash/Documents/PersonalProjects/Hacks/fluffyMigrate/repos/ed59ab8a-de9f-4f0b-9e06-3e6b0065b2a2/.git/config,config,,Other,False,314,
/Users/avinaash/Documents/PersonalProjects/Hacks/fluffyMigrate/repos/ed59ab8a-de9f-4f0b-9e06-3e6b0065b2a2/.git/HEAD,HEAD,,Other,False,21,
/Users/avinaash/Documents/PersonalProjects/Hacks/fluffyMigrate/repos/ed59ab8a-de9f-4f0b-9e06-3e6b0065b2a2/.git/description,description,,Other,False,73,
/Users/avinaash/Documents/PersonalProjects/Hacks/fluffyMigrate/repos/ed59ab8a-de9f-4f0b-9e06-3e6b0065b2a2/.git/index,index,,Other,False,5050,
/Users/avinaash/Documents/PersonalProjects/Hacks/fluffyMigrate/repos/ed59ab8a-de9f-4f0b-9e06-3e6b0065b2a2/.git/packed-refs,packed-refs,,Other,False,183,
/Users/avinaash/Documents/PersonalProjects/Hacks/fluffyMigrate/repos/ed59ab8a-de9f-4f0b-9e06-3e6b0065b2a2/.git/objects/pack/pack-1c8977697ae781bc0740893334096c1a1d19ccd1.idx,pack-1c8977697ae781bc0740893334096c1a1d19ccd1,.idx,Other,False,9724,
/Users/avinaash/Documents/PersonalProjects/Hacks/fluffyMigrate/repos/ed59ab8a-de9f-4f0b-9e06-3e6b0065b2a2/.git/objects/pack/pack-1c8977697ae781bc0740893334096c1a1d19ccd1.pack,pack-1c8977697ae781bc0740893334096c1a1d19ccd1,.pack,Other,False,732366,
/Users/avinaash/Documents/PersonalProjects/Hacks/fluffyMigrate/repos/ed59ab8a-de9f-4f0b-9e06-3e6b0065b2a2/.git/info/exclude,exclude,,Other,False,240,
/Users/avinaash/Documents/PersonalProjects/Hacks/fluffyMigrate/repos/ed59ab8a-de9f-4f0b-9e06-3e6b0065b2a2/.git/logs/HEAD,HEAD,,Other,False,202,
/Users/avinaash/Documents/PersonalProjects/Hacks/fluffyMigrate/repos/ed59ab8a-de9f-4f0b-9e06-3e6b0065b2a2/.git/logs/refs/heads/main,main,,Other,False,202,
/Users/avinaash/Documents/PersonalProjects/Hacks/fluffyMigrate/repos/ed59ab8a-de9f-4f0b-9e06-3e6b0065b2a2/.git/logs/refs/remotes/origin/HEAD,HEAD,,Other,False,202,
/Users/avinaash/Documents/PersonalProjects/Hacks/fluffyMigrate/repos/ed59ab8a-de9f-4f0b-9e06-3e6b0065b2a2/.git/hooks/commit-msg.sample,commit-msg,.sample,Other,False,896,
/Users/avinaash/Documents/PersonalProjects/Hacks/fluffyMigrate/repos/ed59ab8a-de9f-4f0b-9e06-3e6b0065b2a2/.git/hooks/pre-rebase.sample,pre-rebase,.sample,Other,False,4898,
/Users/avinaash/Documents/PersonalProjects/Hacks/fluffyMigrate/repos/ed59ab8a-de9f-4f0b-9e06-3e6b0065b2a2/.git/hooks/pre-commit.sample,pre-commit,.sample,Other,False,1643,
/Users/avinaash/Documents/PersonalProjects/Hacks/fluffyMigrate/repos/ed59ab8a-de9f-4f0b-9e06-3e6b0065b2a2/.git/hooks/applypatch-msg.sample,applypatch-msg,.sample,Other,False,478,
/Users/avinaash/Documents/PersonalProjects/Hacks/fluffyMigrate/repos/ed59ab8a-de9f-4f0b-9e06-3e6b0065b2a2/.git/hooks/fsmonitor-watchman.sample,fsmonitor-watchman,.sample,Other,False,4726,
/Users/avinaash/Documents/PersonalProjects/Hacks/fluffyMigrate/repos/ed59ab8a-de9f-4f0b-9e06-3e6b0065b2a2/.git/hooks/pre-receive.sample,pre-receive,.sample,Other,False,544,
/Users/avinaash/Documents/PersonalProjects/Hacks/fluffyMigrate/repos/ed59ab8a-de9f-4f0b-9e06-3e6b0065b2a2/.git/hooks/prepare-commit-msg.sample,prepare-commit-msg,.sample,Other,False,1492,
/Users/avinaash/Documents/PersonalProjects/Hacks/fluffyMigrate/repos/ed59ab8a-de9f-4f0b-9e06-3e6b0065b2a2/.git/hooks/post-update.sample,post-update,.sample,Other,False,189,
/Users/avinaash/Documents/PersonalProjects/Hacks/fluffyMigrate/repos/ed59ab8a-de9f-4f0b-9e06-3e6b0065b2a2/.git/hooks/pre-merge-commit.sample,pre-merge-commit,.sample,Other,False,416,
/Users/avinaash/Documents/PersonalProjects/Hacks/fluffyMigrate/repos/ed59ab8a-de9f-4f0b-9e06-3e6b0065b2a2/.git/hooks/pre-applypatch.sample,pre-applypatch,.sample,Other,False,424,
/Users/avinaash/Documents/PersonalProjects/Hacks/fluffyMigrate/repos/ed59ab8a-de9f-4f0b-9e06-3e6b0065b2a2/.git/hooks/pre-push.sample,pre-push,.sample,Other,False,1374,
/Users/avinaash/Documents/PersonalProjects/Hacks/fluffyMigrate/repos/ed59ab8a-de9f-4f0b-9e06-3e6b0065b2a2/.git/hooks/update.sample,update,.sample,Other,False,3650,
/Users/avinaash/Documents/PersonalProjects/Hacks/fluffyMigrate/repos/ed59ab8a-de9f-4f0b-9e06-3e6b0065b2a2/.git/hooks/push-to-checkout.sample,push-to-checkout,.sample,Other,False,2783,
/Users/avinaash/Documents/PersonalProjects/Hacks/fluffyMigrate/repos/ed59ab8a-de9f-4f0b-9e06-3e6b0065b2a2/.git/refs/heads/main,main,,Other,False,41,
/Users/avinaash/Documents/PersonalProjects/Hacks/fluffyMigrate/repos/ed59ab8a-de9f-4f0b-9e06-3e6b0065b2a2/.git/refs/remotes/origin/HEAD,HEAD,,Other,False,30,
